Url,Status Code
https://www.behrens-pflanzen.de/pages-sitemap.xml,200
https://www.behrens-pflanzen.de,200
https://www.behrens-pflanzen.de/aktuelles,200
https://www.behrens-pflanzen.de/ausbildung-zum-baumschulgaertner-in,200
https://www.behrens-pflanzen.de/flipbook,200
https://www.behrens-pflanzen.de/impressionen,200
https://www.behrens-pflanzen.de/impressum,200
https://www.behrens-pflanzen.de/karriere,200
https://www.behrens-pflanzen.de/kontakt,200
https://www.behrens-pflanzen.de/service,200
https://www.behrens-pflanzen.de/sortiment,200
https://www.behrens-pflanzen.de/team,200
https://www.behrens-pflanzen.de/unternehmen,200
https://www.behrens-pflanzen.de/versteigerung,200
https://www.behrens-pflanzen.de/zertifizierungen,200
